{"cameraMode":{"drawMode":0,"name":"Shaded","section":"Shading Mode"},"sceneLighting":true,"audioPlay":false,"sceneViewState":{"m_AlwaysRefresh":false,"showFog":true,"showSkybox":true,"showFlares":true,"showImageEffects":true,"showParticleSystems":true,"showVisualEffectGraphs":true,"m_FxEnabled":true},"in2DMode":false,"pivot":{"x":-551.0283813476563,"y":4.039381504058838,"z":-188.30198669433595},"rotation":{"x":0.18121711909770966,"y":0.04276513308286667,"z":-0.007887502200901509,"w":0.982482373714447},"size":1.9405176639556885,"orthographic":false}